{"w": [[-0.34318031642923996], [-0.6899070007792804], [-1.2091058255373057], [0.08567763652014423], [-0.7335468130673343], [-0.24955370852698786], [-0.20446969033382578], [-0.19004372217569404], [0.008026617973385154], [1.22052349012759], [-1.0236147253968935], [-0.07605562324603098], [-0.5003852327526153], [-0.1594058911570735], [-0.13429866890893505], [-1.7435667395372614], [-0.4178428793326103], [-0.0915279518399641], [-0.5967484118819135], [-0.45601021578105283]], "b": -0.31924463380395346, "scalars": [{"type": "standardizer", "_mean_values": [2.1612810457516334, 15.261647058823527, 0.22032156862745045, 2.1253267973856227, 0.03199215686274518, 3.917267973856206, 0.41362091503267867, 0.9535947712418302, 0.7709019607843123, 0.2307581699346406, 0.2520771241830057, 0.0998653594771242, 9.56632026143791, 1.5188888888888887, 0.005141830065359447, 28.21220261437906, 3.7743137254901904, 0.04852941176470611, 0.22243137254901998, 0.0429019607843138], "_std_values": [1.530161444160807, 8.607369097313853, 0.29874624048088233, 1.22115318010555, 0.038741694500028824, 2.365224357544829, 0.2697298819852262, 0.6053099615198348, 0.43327673483629775, 0.31652248577609654, 0.3600132975933239, 0.05689644454042247, 5.596133923602674, 0.40941813574455094, 0.0029897671752114685, 17.222832688094147, 2.2990460552849776, 0.028523481628811458, 0.150796480806438, 0.026967849341690327]}]}