{"w": [[-0.44259655148865074], [-0.6045622088108434], [-1.3413558703604476], [0.03158268472108682], [-0.607585848631641], [-0.1720244741858157], [-0.02386879539098348], [-0.25988396108912826], [0.17013094865009337], [0.8986563257927224], [-0.7101422190690837], [-0.10611462359763556], [-0.43556442499172093], [-0.11069479636515668], [-0.0984951238524368], [-1.5310623911213388], [-0.5387291762279248], [-0.20075369237838642], [-0.4447874002542], [-0.4485430336651803]], "b": -0.23242545500955397, "scalars": [{"type": "standardizer", "_mean_values": [2.1612810457516334, 15.261647058823527, 0.22032156862745045, 2.1253267973856227, 0.03199215686274518, 3.917267973856206, 0.41362091503267867, 0.9535947712418302, 0.7709019607843123, 0.2307581699346406, 0.2520771241830057, 0.0998653594771242, 9.56632026143791, 1.5188888888888887, 0.005141830065359447, 28.21220261437906, 3.7743137254901904, 0.04852941176470611, 0.22243137254901998, 0.0429019607843138], "_std_values": [1.530161444160807, 8.607369097313853, 0.29874624048088233, 1.22115318010555, 0.038741694500028824, 2.365224357544829, 0.2697298819852262, 0.6053099615198348, 0.43327673483629775, 0.31652248577609654, 0.3600132975933239, 0.05689644454042247, 5.596133923602674, 0.40941813574455094, 0.0029897671752114685, 17.222832688094147, 2.2990460552849776, 0.028523481628811458, 0.150796480806438, 0.026967849341690327]}]}