{"w": [[266.838220896053], [266.80982767911877], [267.065529585491], [267.5329320075929]], "b": -220.34345077283572, "scalars": [{"type": "normalizer", "_min_values": [0.0, -14.8, -17.8, -10.7], "_max_values": [144.5, 33.7, 30.3, 38.3]}]}