{"w": [[305.86473407778243], [305.29750103041613], [307.10726201613164], [308.076332458335]], "b": -300.13950413087645, "scalars": [{"type": "normalizer", "_min_values": [0.0, -14.8, -17.8, -10.7], "_max_values": [144.5, 33.7, 30.3, 38.3]}]}