{"w": [[306.67314957146107], [307.2676773456167], [306.78633206924405], [306.91178223646375]], "b": -300.0107144689362, "scalars": [{"type": "normalizer", "_min_values": [0.0, -14.8, -17.8, -10.7], "_max_values": [144.5, 33.7, 30.3, 38.3]}]}